name;ic_id;ror_id;is_vavai
Krajská nemocnice T. Bati, a. s.;27661989;https://ror.org/02341a605;0
Muzeum hlavního města Prahy;00064432;https://ror.org/05xpy2592;0
Centrum hydraulického výzkumu spol. s r.o.;28645413;https://ror.org/001rm8957;0
Honeywell, spol. s r.o.;18627757;https://ror.org/0297sbd31;0
Extreme Light Infrastructure ERIC (ELI ERIC);10974938;https://ror.org/03ct7hs15;0
Anglo-americká vysoká škola, a. s.;19194951;https://ror.org/03arvv474;0
První brněnská strojírna Velká Bíteš, a. s.;00176109;https://ror.org/01m9ht412;0
Mikroelektronika spol. s r.o.;15029221;https://ror.org/026xyq320;0
Meopta s.r.o.;19196661;https://ror.org/05ad1hb84;0
UNITES Systems a.s.;25863665;https://ror.org/0293bgt12;0
SEVARON s.r.o.;25505289;https://ror.org/05vc7zb27;0
Karned Tools s.r.o.;06550568;https://ror.org/048npsb62;0
T-MAPY spol. s r.o.;47451084;https://ror.org/006rbkq36;0
NOVATISK, akciová společnost;27755291;https://ror.org/025k4tn70;0
TENZOVÁHY, s.r.o.;48393789;https://ror.org/054xw4485;0
ALGON, a.s.;28420403;https://ror.org/00wqy9447;0
RESIM, s.r.o.;49812289;https://ror.org/05qepz429;0
OLTIS Group a.s.;26847281;https://ror.org/01rhgps79;0
REX Controls s.r.o.;25239562;https://ror.org/01ch84g48;0
Šmeral Brno a.s.;46346139;https://ror.org/05j159d85;0
PROFIcomms s.r.o.;47911263;https://ror.org/04yxwsj75;0
GTW BEARINGS s.r.o.;25205242;https://ror.org/007wcet58;0
Lach-Ner,s.r.o.;26295474;https://ror.org/04x4bx294;0
Activair s.r.o.;28605837;https://ror.org/02spbvv79;0
Nadace pro rozvoj architektury a stavitelství;00273309;https://ror.org/0222yz688;0
BBT-MATERIALS PROCESSING  s.r.o.;63072475;https://ror.org/00v6wgj18;0
NEWTON Technologies, a.s.;28479777;https://ror.org/0059c0s27;0
KonekTel, a.s.;15051145;https://ror.org/0395qzd79;0
KVADOS, a.s.;25826654;https://ror.org/02gkz9k46;0
UPS Technology, spol. s r. o.;41605373;https://ror.org/027z29k25;0
Bioinova, a.s.;28452682;https://ror.org/012rw7q64;0
HYDROSYSTEM project a.s.;45192367;https://ror.org/035047r89;0
CORTEX, a.s.;47125616;https://ror.org/00kkxjg31;0
MORAVIA CANS a.s.;46900616;https://ror.org/04f2mnw52;0
Exact Control System a.s.;27926613;https://ror.org/00a9x6k20;0
O2 Czech Republic a.s.;60193336;https://ror.org/05dbs4128;0
ALUCAST, s.r.o.;26232111;https://ror.org/03q6nea03;0
Kovárna VIVA a.s.;46978496;https://ror.org/020rxmm63;0
MedicProgress, a.s.;28962338;https://ror.org/0431dgb36;0
ZPA Smart Energy a.s.;27445976;https://ror.org/05jngx315;0
Pharmaceutical Biotechnology s.r.o.;28391071;https://ror.org/051tvr365;0
K2pharm s.r.o.;01767615;https://ror.org/04vn8dh18;0
Vysoká škola NEWTON, a.s.;27081869;https://ror.org/049ezvq17;0
BETONCONSULT, s.r.o.;27366774;https://ror.org/012qa0c42;0
Sewio Networks s.r.o.;02506238;https://ror.org/00qrjwk72;0
KNITVA s.r.o.;25297597;https://ror.org/00pn2q632;0
WOMBAT, s.r.o.;47912553;https://ror.org/00dbv2r88;0
OPTAGLIO a.s.;48950076;https://ror.org/03ssg8h30;0
NEWTON Media, a.s.;28168356;https://ror.org/03d795g20;0
Dopravní podnik Ostrava a.s.;61974757;https://ror.org/0190tnk59;0
ČESKÝ ROZHLAS;45245053;https://ror.org/013vrgb28;0
SIGMA GROUP a.s.;60702001;https://ror.org/01bvh8x83;0
Medical Healthcom spol.s r.o.;48025330;https://ror.org/00ay49j69;0
CIDEM Hranice, a.s.;14617081;https://ror.org/05q6e7g57;0
ALTECH, spol. s r.o.;46344861;https://ror.org/04ansg437;0
COGEBI a. s.;00659487;https://ror.org/05ek5cn41;0
RACOM s.r.o.;46343423;https://ror.org/0550sx673;0
EXCON, a.s.;00506729;https://ror.org/04e2w0r26;0
B & M InterNets, s.r.o.;45479577;https://ror.org/045101r15;0
TURNEX, spol. s r.o.;25269950;https://ror.org/018vhj234;0
PROGEO, s.r.o.;49551019;https://ror.org/00bmwn733;0
VVV MOST spol. s r.o.;00526355;https://ror.org/04mfnn392;0
CS SOFT a.s.;25781723;https://ror.org/03yjc5j10;0
Com-Sys TRADE spol.s r.o.;16188781;https://ror.org/01ss91v48;0
ARMATURY Group a.s.;25572881;https://ror.org/00zez7q62;0
ELDIS Pardubice, s.r.o.;15050742;https://ror.org/00v1asp42;0
KSK Precise Motion, a.s.;24782947;https://ror.org/05ss23q56;0
Amylon, a.s.;60108771;https://ror.org/05kvwxg84;0
Solutia s.r.o.;27127982;https://ror.org/05gre8525;0
TCC s.r.o.;25726943;https://ror.org/052pcv042;0
WISTA s.r.o.;60721103;https://ror.org/04a2jrr93;0
TRIANGOLO spol. s r.o.;47906600;https://ror.org/045ykqf07;0
SANBORN s.r.o.;19329610;https://ror.org/03z152744;0
ELLA-CS, s.r.o.;27507785;https://ror.org/03v5b4741;0
Wienerberger s.r.o.;00015253;https://ror.org/03ha1m790;0
Městská knihovna v Praze;00064467;https://ror.org/02kqf1812;0
EVC Group s.r.o.;27720870;https://ror.org/02gkjb077;0
SC & C spol. s r.o.;45280541;https://ror.org/01zxt6b74;0
L.K. Engineering, s.r.o.;26244560;https://ror.org/01vf7qd54;0
STAVUS, a. s.;45148121;https://ror.org/01fjc2t47;0
APT, spol. s r.o.;00569861;https://ror.org/00w282m94;0
BIOPREPARÁTY, spol. s r.o.;25607324;https://ror.org/00tjk7247;0
BUZULUK a.s.;25056301;https://ror.org/00bat7f70;0
DYNAMIC FUTURE s.r.o.;25871871;https://ror.org/0091az632;0
COPROSYS a.s.;45534152;https://ror.org/043tgen92;0
agriKomp Bohemia s.r.o.;27676030;https://ror.org/02p1hm914;0
ELVAC a.s.;25833812;https://ror.org/021f6t344;0
Amest s.r.o.;26493438;https://ror.org/016h91621;0
TTS, s.r.o.;48026395;https://ror.org/008rnfn31;0
BRANO a.s.;45193363;https://ror.org/000z6yg06;0
